frequency_hz,transit_magnitude,rc_magnitude,combined_magnitude
0.0,1.0,1.0,1.0
10000000.0,0.9999999890337558,0.9999999940504372,0.9999999830841931
10182271.928563705,0.9999999886303447,0.9999999938315729,0.9999999824619177
10367866.162721643,0.9999999882120932,0.9999999936046573,0.9999999818167508
10556843.25877861,0.9999999877784567,0.9999999933693944,0.999999981147851
10749264.876810819,0.9999999873288672,0.9999999931254768,0.999999980454344
10945193.80078466,0.9999999868627392,0.9999999928725865,0.9999999797353257
11144693.959041912,0.9999999863794636,0.999999992610393,0.9999999789898566
11347830.445158597,0.9999999858784103,0.9999999923385542,0.9999999782169646
11554669.539183896,0.9999999853589248,0.9999999920567155,0.9999999774156405
11765278.72926623,0.9999999848203291,0.9999999917645092,0.9999999765848384
11979726.73367352,0.9999999842619204,0.9999999914615534,0.9999999757234739
12198083.52321478,0.9999999836829698,0.9999999911474526,0.9999999748304226
12420420.344070531,0.9999999830827214,0.9999999908217976,0.999999973904519
12646809.741039092,0.9999999824603919,0.9999999904841624,0.9999999729445546
12877325.581206838,0.9999999818151692,0.999999990134107,0.9999999719492763
13112043.078049768,0.9999999811462109,0.9999999897711742,0.9999999709173852
13351038.815974418,0.9999999804526435,0.9999999893948902,0.999999969847534
13594390.775306072,0.9999999797335628,0.999999989004764,0.9999999687383271
13842178.357732411,0.999999978988029,0.9999999886002867,0.9999999675883158
14094482.41221108,0.9999999782150695,0.9999999881809298,0.9999999663959996
14351385.261349173,0.9999999774136757,0.9999999877461461,0.9999999651598221
14612970.728263857,0.9999999765828013,0.9999999872953683,0.9999999638781699
14879324.16393242,0.9999999757213616,0.999999986828008,0.9999999625493698
15150532.47504087,0.9999999748282329,0.999999986343455,0.9999999611716882
15426684.152340144,0.9999999739022489,0.999999985841077,0.9999999597433262
15707869.299519131,0.9999999729422009,0.999999985320218,0.9999999582624193
15994179.662604127,0.999999971946836,0.9999999847801986,0.999999956727035
16285708.659893852,0.9999999709148552,0.9999999842203136,0.9999999551351691
16582551.4124404,0.9999999698449108,0.9999999836398323,0.9999999534847437
16884804.77508563,0.9999999687356073,0.999999983037997,0.9999999517736049
17192567.368063282,0.999999967585496,0.9999999824140224,0.999999949999519
17505939.609177113,0.9999999663930764,0.9999999817670939,0.9999999481601709
17825023.746565524,0.9999999651567913,0.999999981096367,0.999999946253159
18149923.892063558,0.9999999638750274,0.9999999804009663,0.9999999442759945
18480746.05517265,0.9999999625461118,0.9999999796799842,0.9999999422260967
18817598.177649885,0.9999999611683104,0.9999999789324797,0.9999999401007909
19160590.1687276,0.9999999597398237,0.9999999781574768,0.9999999378973016
19509833.940974873,0.9999999582587883,0.9999999773539642,0.9999999356127534
19865443.446812745,0.9999999567232704,0.9999999765208933,0.9999999332441646
20227534.71569512,0.9999999551312658,0.9999999756571764,0.9999999307884433
20596225.891967025,0.9999999534806968,0.9999999747616864,0.9999999282423845
20971637.273413282,0.9999999517694091,0.9999999738332543,0.9999999256026647
21353891.350509632,0.9999999499951692,0.9999999728706684,0.9999999228658388
21743112.846389353,0.9999999481556606,0.999999971872672,0.999999920028334
22139428.75753832,0.9999999462484825,0.9999999708379629,0.9999999170864471
22542968.395231847,0.9999999442711464,0.9999999697651901,0.9999999140363381
22953863.427726757,0.9999999422210705,0.9999999686529537,0.9999999108740261
23372247.92322272,0.9999999400955794,0.9999999674998021,0.9999999075953835
23798258.393606205,0.9999999378918982,0.9999999663042299,0.9999999041961303
24232033.838992205,0.9999999356071514,0.9999999650646767,0.9999999006718303
24673715.79307761,0.9999999332383565,0.9999999637795243,0.9999998970178832
25123448.369321313,0.9999999307824218,0.9999999624470959,0.9999998932295202
25581378.307965945,0.9999999282361413,0.9999999610656516,0.9999998893017956
26047655.023917016,0.9999999255961918,0.9999999596333888,0.9999998852295836
26522430.655494157,0.9999999228591275,0.9999999581484378,0.9999998810075684
27005860.114071563,0.9999999200213758,0.9999999566088605,0.9999998766302398
27498101.13462291,0.9999999170792331,0.9999999550126475,0.9999998720918842
27999314.32718766,0.9999999140288588,0.999999953357715,0.9999998673865778
28509663.22927545,0.9999999108662715,0.9999999516419033,0.9999998625081791
29029314.359225627,0.9999999075873434,0.9999999498629728,0.9999998574503207
29558437.27053938,0.9999999041877944,0.999999948018601,0.9999998522064005
30097204.60720243,0.9999999006631876,0.9999999461063818,0.9999998467695747
30645792.160015553,0.9999998970089227,0.9999999441238178,0.9999998411327462
31204378.923952404,0.9999998932202296,0.9999999420683224,0.9999998352885584
31773147.156562548,0.9999998892921634,0.9999999399372121,0.9999998292293822
32352282.437439054,0.9999998852195969,0.9999999377277058,0.9999998229473097
32941973.728769954,0.9999998809972144,0.9999999354369189,0.9999998164341409
33542413.436993737,0.9999998766195047,0.9999999330618619,0.9999998096813748
34153797.475577936,0.9999998720807544,0.9999999305994347,0.999999802680198
34776325.328942716,0.9999998673750384,0.999999928046423,0.999999795421471
35410200.11754923,0.9999998624962149,0.9999999253994947,0.9999997878957197
36055628.66417448,0.9999998574379163,0.9999999226551949,0.9999997800931223
36712821.561394066,0.9999998521935399,0.9999999198099415,0.9999997720034932
37381993.24029511,0.9999998467562408,0.9999999168600208,0.9999997636162743
38063362.04044143,0.9999998411189217,0.9999999138015828,0.9999997549205183
38757150.281114414,0.9999998352742248,0.9999999106306352,0.9999997459048747
39463584.33385162,0.999999829214521,0.999999907343039,0.9999997365575759
40182894.696308374,0.9999998229319019,0.9999999039345033,0.9999997268664224
40915316.067465216,0.999999816418166,0.9999999004005792,0.9999997168187635
41661087.42420626,0.9999998096648122,0.9999998967366542,0.999999706401486
42420452.09929329,0.9999998026630254,0.9999998929379458,0.9999996956009922
43193657.86076154,0.9999997954036662,0.9999998889994958,0.9999996844031848
43980956.99276172,0.9999997878772601,0.9999998849161633,0.9999996727934478
44782606.37787653,0.9999997800739833,0.9999998806826192,0.9999996607566287
45598867.58093701,0.9999997719836499,0.9999998762933373,0.9999996482770154
46430006.93436685,0.9999997635957005,0.9999998717425889,0.9999996353383198
47276295.62508217,0.9999997548991872,0.9999998670244336,0.9999996219236533
48138009.782975234,0.9999997458827585,0.9999998621327134,0.999999608015507
49015430.57101137,0.999999736534646,0.9999998570610436,0.9999995935957273
49908844.276967235,0.9999997268426484,0.999999851802804,0.9999995786454929
50818542.40684208,0.9999997167941148,0.9999998463511321,0.9999995631452905
51744821.779971235,0.9999997063759297,0.9999998406989115,0.9999995470748879
52687984.62587329,0.999999695574495,0.9999998348387649,0.9999995304133099
53648338.68286246,0.9999996843757122,0.9999998287630433,0.9999995131388095
54626197.298458874,0.9999996727649643,0.9999998224638169,0.9999994952288392
55621879.531628035,0.9999996607270962,0.9999998159328635,0.9999994766600221
56635710.25688482,0.9999996482463958,0.9999998091616581,0.999999457408121
57668020.270294584,0.999999635306573,0.9999998021413632,0.9999994374480083
58719146.397406325,0.9999996218907379,0.9999997948628158,0.9999994167536312
59789431.60315331,0.9999996079813797,0.9999997873165153,0.9999993952979783
60879225.103756756,0.9999995935603434,0.9999997794926122,0.9999993730530452
61988882.48066919,0.9999995786088062,0.9999997713808942,0.9999993499897967
63118765.79659524,0.9999995631072528,0.999999762970774,0.9999993260781304
64269243.71362586,0.9999995470354498,0.9999997542512742,0.9999993012868352
65440691.6135272,0.9999995303724198,0.9999997452110135,0.999999275583553
66633491.72022123,0.9999995130964138,0.9999997358381925,0.9999992489347349
67848033.22449908,0.999999495184882,0.9999997261205774,0.9999992213055976
69084712.4110073,0.9999994766144458,0.9999997160454845,0.999999192660079
70343932.78754963,0.9999994573608664,0.9999997055997634,0.9999991629607895
71626105.21674386,0.9999994373990132,0.9999996947697797,0.9999991321689646
72931648.05008014,0.9999994167028313,0.999999683541398,0.999999100244414
74260987.26442188,0.9999993952453076,0.9999996718999625,0.9999990671454685
75614556.60099497,0.9999993729984342,0.9999996598302785,0.9999990328289261
76992797.70691025,0.9999993499331742,0.9999996473165921,0.9999989972499955
78396160.27926563,0.9999993260194221,0.99999963434257,0.9999989603622385
79825102.21187457,0.9999993012259638,0.9999996208912783,0.9999989221175071
81280089.7446699,0.9999992755204392,0.9999996069451593,0.9999988824658833
82761597.61582911,0.9999992488692955,0.9999995924860104,0.9999988413556119
84270109.21667415,0.9999992212377469,0.9999995774949595,0.9999987987330353
85806116.74939388,0.9999991925897282,0.9999995619524387,0.9999987545425206
87370121.38764133,0.9999991628878464,0.9999995458381621,0.9999987087263886
88962633.44005819,0.9999991320933332,0.9999995291310967,0.9999986612248387
90584172.51678072,0.9999991001659954,0.9999995118094357,0.9999986119758703
92235267.69897883,0.9999990670641598,0.9999994938505704,0.9999985609152023
93916457.71148707,0.99999903274462,0.9999994752310603,0.9999985079761878
95628291.09858151,0.9999989971625817,0.9999994559266023,0.9999984530897297
97371326.4029605,0.9999989602716017,0.999999435912,0.9999983961841883
99146132.34798786,0.9999989220235289,0.9999994151611293,0.9999983371852886
100953288.02325787,0.9999988823684398,0.9999993936469059,0.9999982760160233
102793383.0735425,0.9999988412545755,0.9999993713412482,0.9999982125965521
104667017.89118274,0.9999987986282727,0.9999993482150427,0.9999981468440984
106574803.8119865,0.9999987544338939,0.9999993242381038,0.9999980786728394
108517363.314697,0.9999987086137552,0.9999992993791362,0.9999980079937962
110495330.2240988,0.9999986611080502,0.9999992736056937,0.9999979347147165
112509349.9178218,0.9999986118547732,0.9999992468841351,0.9999978587399537
114560079.5369188,0.9999985607896369,0.9999992191795832,0.9999977799703439
116648188.20027937,0.9999985078459893,0.9999991904558772,0.9999976983030743
118774357.22295207,0.9999984529547261,0.9999991606755256,0.9999976136315503
120939280.33844626,0.9999983960442019,0.9999991297996587,0.9999975258452561
123143663.92508577,0.9999983370401346,0.9999990977879759,0.9999974348296108
125388227.23648839,0.9999982758655104,0.9999990645986948,0.999997340465818
127673702.63624626,0.9999982124404818,0.999999030188496,0.9999972426307114
130000835.83688402,0.9999981466822646,0.9999989945124661,0.9999971411965942
132370386.14317228,0.9999980785050286,0.99999895752404,0.9999970360310718
134783126.6998761,0.9999980078197864,0.9999989191749389,0.9999969269968786
137239844.74401882,0.999997934534278,0.9999988794151091,0.9999968139517016
139741341.86174697,0.9999978585528483,0.9999988381926546,0.999996696747991
142288434.24986845,0.9999977797763233,0.9999987954537707,0.9999965752327683
144881952.9821718,0.9999976981018823,0.9999987511426739,0.999996449247431
147522744.28058544,0.9999976134229203,0.9999987052015279,0.9999963186275381
150211669.7912887,0.9999975256289123,0.9999986575703692,0.9999961832026032
152949606.86585197,0.9999974346052657,0.9999986081870286,0.9999960427958648
155737448.8475019,0.9999973402331747,0.9999985569870496,0.9999958972240623
158576105.36260444,0.999997242389461,0.9999985039036052,0.9999957462971918
161466502.6174608,0.9999971409464163,0.9999984488674092,0.9999955898182603
164409583.7005129,0.9999970357716338,0.9999983918066275,0.9999954275830284
167406308.8900577,0.9999969267278366,0.999998332646783,0.9999952593797439
170457655.96756995,0.9999968136726969,0.999998271310659,0.999995084988864
173564620.53673568,0.9999966964586517,0.9999982077181986,0.9999949041827711
176728216.34830153,0.9999965749327104,0.9999981417863996,0.9999947167254745
179949475.63084367,0.9999964489362532,0.9999980734292062,0.9999945223723008
183229449.4275698,0.9999963183048262,0.9999980025573981,0.9999943208695783
186569207.9392527,0.9999961828679255,0.9999979290784718,0.9999941119543022
189969840.87342176,0.9999960424487749,0.9999978528965215,0.9999938953537938
193432457.7999156,0.9999958968640955,0.9999977739121135,0.999993670785343
196958188.51291645,0.9999957459238663,0.9999976920221562,0.9999934379558408
200548183.39958274,0.9999955894310764,0.9999976071197658,0.9999931965613961
204203613.8154017,0.9999954271814664,0.9999975190941264,0.9999929462869374
207925672.46638283,0.9999952589632648,0.9999974278303462,0.9999926868058058
211715573.79821813,0.9999950845569084,0.9999973332093065,0.9999924177793235
215574554.3925354,0.9999949037347583,0.9999972351075075,0.9999921388563563
219503873.37037426,0.9999947162608005,0.9999971333969057,0.9999918496728526
223504812.8030164,0.99999452189034,0.9999970279447477,0.999991549851369
227578678.13030303,0.9999943203696801,0.9999969186133969,0.9999912390005781
231726798.58658195,0.9999941114357908,0.9999968052601537,0.9999909167147569
235950527.6344089,0.999993894815968,0.9999966877370687,0.9999905825732587
240251243.40616363,0.9999936702274744,0.9999965658907509,0.9999902361399625
244630349.1537106,0.9999934373771726,0.9999964395621663,0.9999898769627048
249089273.70625654,0.9999931959611421,0.9999963085864313,0.99998950457269
253629471.93655375,0.9999929456642819,0.9999961727925963,0.9999891184838767
258252425.2356007,0.9999926861598999,0.9999960320034244,0.9999887181923456
262959641.9959954,0.9999924171092869,0.9999958860351575,0.9999883031756401
267752658.10409856,0.999992138161273,0.9999957346972799,0.9999878728920859
272633037.44116783,0.9999918489517715,0.9999955777922661,0.9999874267800833
277602372.39362603,0.9999915491033018,0.9999954151153261,0.9999869642573742
282662284.37263066,0.9999912382244974,0.9999952464541355,0.9999864847202824
287814424.3431117,0.9999909159095953,0.9999950715885604,0.9999859875429259
293060473.36246,0.9999905817379063,0.9999948902903696,0.9999854720764005
298402143.12901556,0.9999902352732659,0.9999947023229359,0.9999849376479321
303841176.5405824,0.9999898760634653,0.9999945074409282,0.9999843835599999
309379348.2630941,0.9999895036396603,0.9999943053899912,0.9999838090894242
315018465.3096638,0.9999891175157612,0.9999940959064133,0.9999832134864256
320760367.6301809,0.9999887171877961,0.9999938787167822,0.9999825959736436
326606928.7116565,0.9999883021332554,0.9999936535376291,0.9999819557451246
332560056.1895107,0.9999878718104078,0.9999934200750575,0.999981291965268
338621692.47000235,0.9999874256575951,0.9999931780243604,0.9999806037677373
344793815.36400366,0.9999869630924986,0.9999929270696228,0.9999798902543307
351078438.73232716,0.9999864835113778,0.999992666883309,0.9999791504938048
357477613.14281476,0.999985986288285,0.9999923971258357,0.999978383520665
363993426.53940386,0.9999854707742453,0.9999921174451283,0.9999775883339009
370628004.92338866,0.9999849362964134,0.9999918274761617,0.9999767638956836
377383513.04709756,0.9999843821571918,0.9999915268404844,0.9999759091300087
384262155.1202216,0.9999838076333224,0.9999912151457239,0.9999750229212938
391266175.5290025,0.999983211974943,0.9999908919850756,0.9999741041129243
398397859.56854415,0.999982594404607,0.9999905569367716,0.9999731515057407
405659534.1884652,0.9999819541162703,0.9999902095635297,0.999972163856477
413053568.7521438,0.9999812902742385,0.9999898494119838,0.9999711398761368
420582375.8098012,0.999980602012077,0.9999894760120921,0.9999700782283132
428248411.8856769,0.9999798884314792,0.9999890888765235,0.9999689775274425
436054178.27955157,0.9999791486010963,0.9999886875000219,0.9999678363369995
444002221.88287914,0.999978381555319,0.9999882713587473,0.9999666531676213
452095136.00979537,0.9999775862930201,0.9999878399095921,0.9999654264751648
460335561.24327296,0.9999767617762467,0.9999873925894718,0.9999641546586924
468726186.29669964,0.9999759069288651,0.9999869288145918,0.9999628360583819
477269748.8911587,0.9999750206351584,0.9999864479796845,0.9999614689533639
485969036.6487114,0.9999741017383686,0.9999859494572205,0.9999600515594738
494826888.00193,0.9999731490391884,0.9999854325965889,0.9999585820269261
503846193.12005883,0.9999721612941957,0.99998489672325,0.9999570584379013
513029894.85200626,0.9999711372142313,0.9999843411378536,0.9999554788040433
522380989.68655723,0.999970075462716,0.9999837651153285,0.9999538410638659
531902528.7300758,0.9999689746539074,0.9999831679039345,0.9999521430800634
541597618.7020301,0.9999678333510912,0.999982548724284,0.9999503826367242
551469422.948663,0.9999666500647065,0.9999819067683239,0.9999485574364386
561521162.4751396,0.9999654232504024,0.9999812411982815,0.9999466650973022
571756116.9965073,0.9999641513070227,0.9999805511455725,0.9999447031498113
582177626.0078123,0.9999628325745162,0.9999798357096674,0.9999426690336384
592789089.8737205,0.9999614653317725,0.9999790939569178,0.9999405600942978
603593970.9380012,0.9999600477943735,0.9999783249193374,0.9999383735796782
614595794.6532307,0.9999585781122677,0.9999775275933399,0.9999361066364572
625798150.7310869,0.9999570543673547,0.9999767009384304,0.999933756306378
637204694.3136224,0.9999554745709838,0.9999758438758489,0.9999313195223944
648819147.1658614,0.9999538366613581,0.999974955287162,0.9999287931046675
660645298.8901594,0.9999521385008455,0.9999740340128047,0.9999261737564213
672687008.1626848,0.9999503778731904,0.99997307885057,0.999923458059645
684948203.9924409,0.999948552480619,0.9999720885540386,0.9999206424706323
697432887.0032358,0.9999466599408467,0.9999710618309551,0.9999177233153654
710145130.739019,0.9999446977839654,0.9999699973415428,0.9999146967847218
723089082.9930116,0.9999426634492244,0.9999688936967563,0.9999115589295088
736268967.1610613,0.9999405542816878,0.9999677494564708,0.9999083056553153
749689083.6196667,0.9999383675287722,0.9999665631276046,0.9999049327171738
763353811.1291181,0.9999361003366558,0.9999653331621714,0.9999014357140265
777267608.262214,0.9999337497465552,0.9999640579552642,0.9998978100829891
791435014.8590158,0.9999313126908659,0.9999627358429608,0.9998940510934013
805860653.5081389,0.9999287859891614,0.9999613651001564,0.9998901538406639
820549231.0549892,0.9999261663440436,0.9999599439383144,0.9998861132398436
835505540.137575,0.9999234503368434,0.9999584705031347,0.9998819240190471
850734460.7502285,0.9999206344231605,0.9999569428721379,0.9998775807125521
866240961.8358834,0.9999177149282393,0.9999553590521576,0.9998730776536806
882030102.9073539,0.9999146880421794,0.9999537169767458,0.9998684089674207
898107035.6981705,0.9999115498149631,0.9999520145034775,0.9998635685627666
914477005.8435043,0.9999082961513063,0.9999502494111595,0.9998585501247863
931145354.5917301,0.9999049228053162,0.9999484193969369,0.9998533471063921
948117520.5471871,0.9999014253749546,0.9999465220732919,0.9998479527198132
965399041.4447045,0.9998977992962976,0.9999445549649334,0.9998423599277525
982995555.9564724,0.999894039837584,0.9999425155055719,0.9998365614342222
1000912805.5318421,0.999890142093045,0.9999404010345774,0.99983054967504
1019156636.270686,0.999886100976508,0.9999382087935126,0.9998243168079786
1037733000.8308374,0.9998819112147638,0.9999359359225413,0.9998178547025541
1056647960.3704011,0.9998775673406911,0.9999335794567017,0.9998111549294366
1075907686.525363,0.9998730636861312,0.9999311363220479,0.9998042087494805
1095518463.4233122,0.9998683943744938,0.9999286033316456,0.9997970071023425
1115486689.7338436,0.9998635533131,0.9999259771814213,0.9997895405946896
1135818880.7563367,0.9998585341852373,0.999923254445864,0.9997817994879736
1156521670.5457892,0.9998533304419264,0.9999204315735621,0.9997737736857544
1177601814.0773993,0.9998479352933838,0.9999175048825829,0.9997654527205625
1199066189.4505997,0.9998423417001732,0.9999144705556798,0.9997568257402797
1220921800.133269,0.999836542364029,0.9999113246353234,0.9997478814940178
1243175777.2468452,0.9998305297183453,0.9999080630185536,0.9997386083174853
1265835381.893092,0.9998242959183145,0.9999046814516389,0.9997289941178114
1288908007.5232747,0.9998178328307054,0.9999011755245442,0.9997190263578245
1312401182.3505163,0.9998111320232634,0.9998975406651923,0.999708692039743
1336322571.8061533,0.9998041847537245,0.9998937721335187,0.9996979776882792
1360679981.0407796,0.9997969819584241,0.9998898650153061,0.9996868693331191
1385481357.4710124,0.999789514240489,0.9998858142157944,0.999675352490765
1410734793.3725424,0.9997817718575966,0.9998816144530573,0.9996634121457121
1436448528.5205357,0.999773744709282,0.9998772602511358,0.9996510327309354
1462630952.8781292,0.9997654223237836,0.9998727459329197,0.9996381981076667
1489290609.333936,0.9997567938444034,0.999868065612771,0.9996248915444295
1516436196.489447,0.9997478480153676,0.9998632131888759,0.9996110956953095
1544076571.4972413,0.9997385731671692,0.9998581823353179,0.9995967925774301
1572220752.9509249,0.9997289572013721,0.9998529664938602,0.9995819635476053
1600877923.8277493,0.9997189875748602,0.9998475588654291,0.9995665892781422
1630057434.4848638,0.9997086512835058,0.9998419524012863,0.999550649731757
1659768805.7101731,0.9996979348452419,0.999836139793877,0.9995341241355774
1690021731.8288472,0.9996868242825135,0.9998301134673454,0.9995169909541957
1720826083.8663418,0.9996753051040859,0.9998238655677053,0.9994992278617424
1752191912.7692463,0.9996633622861841,0.9998173879526481,0.9994808117129343
1784129452.6846642,0.9996509802529466,0.9998106721809825,0.9994617185130766
1816649124.2994783,0.999638142856156,0.9998037095016882,0.9994419233869634
1849761538.2404416,0.9996248333542347,0.9997964908425697,0.9994214005466524
1883477498.5362465,0.9996110343904656,0.9997890067984972,0.999400123258062
1917808006.142701,0.9995967279704182,0.9997812476192192,0.999378063806354
1952764262.5321555,0.9995818954385484,0.9997732031967307,0.9993551934600571
1988357673.3483572,0.9995665174539402,0.9997648630521825,0.9993314824338855
2024599852.1279218,0.9995505739651623,0.9997562163223132,0.999306899850207
2061502624.0896366,0.9995340441842019,0.9997472517453881,0.9992814136991092
2099078029.9928238,0.9995169065594477,0.9997379576466262,0.9992549907970161
2137338330.066082,0.999499138747683,0.9997283219230992,0.9992275967438042
2176296008.0075006,0.9994807175850552,0.9997183320280795,0.9991991958783593
2215963775.0580115,0.9994616190569864,0.9997079749548213,0.9991697512325268
2256354574.1487155,0.9994418182669791,0.9996972372197539,0.9991392244833863
2297481584.124078,0.9994212894042891,0.9996861048450634,0.9991075759038045
2339358224.0418673,0.9994000057104118,0.9996745633406424,0.9990747643111916
2381998157.5516148,0.9993779394443473,0.9996625976853903,0.9990407470144089
2425415297.352827,0.9993550618465975,0.999650192307829,0.9990054797587536
2469623809.7344685,0.9993313431018478,0.9996373310660238,0.998968916668956
2514638119.1971827,0.9993067523002895,0.9996239972267738,0.9989310101901209
2560472913.1597705,0.9992812573975292,0.9996101734440507,0.9988917110265332
2607143146.7514467,0.9992548251730369,0.9995958417366605,0.9988509680782613
2654664047.69145,0.9992274211870804,0.9995809834650964,0.9988087283754739
2703051121.257595,0.9991990097360897,0.999565579307558,0.9987649370103927
2752320155.3453746,0.9991695538063954,0.9995496092351049,0.9987195370667967
2802487225.619342,0.9991390150262831,0.9995330524859164,0.9986724695469927
2853568700.7582088,0.999107353616302,0.9995158875386232,0.9986236732961632
2905581247.795831,0.999074528337766,0.9994980920846819,0.9985730849240007
2958541837.5592594,0.9990404964393818,0.9994796429997541,0.9985206387235303
3012467750.206093,0.9990052136019356,0.9994605163140607,0.9984662665870291
3067376580.862696,0.9989686338809726,0.99944068718167,0.9984098979189334
3123286245.365195,0.9989307096473907,0.9994201298486871,0.9983514595456363
3180214986.1051154,0.9988913915258807,0.9993988176203041,0.9982908756220655
3238181377.981573,0.9988506283311315,0.9993767228266702,0.9982280675349265
3297204334.461951,0.99880836700172,0.9993538167875452,0.9981629538025042
3357303113.7530494,0.998764552531609,0.9993300697756877,0.9980954499708964
3418497325.0847197,0.9987191278991587,0.9993054509789427,0.9980254685065653
3480806935.1080112,0.99867203399357,0.999279928460975,0.997952918685071
3544252274.4100313,0.9986232095386659,0.9992534691206094,0.9978777064758693
3608854044.147318,0.9985725910139184,0.9992260386497251,0.9977997344230299
3674633322.8004837,0.9985201125726157,0.9991976014896564,0.9977189015217394
3741611573.051614,0.9984657059570815,0.9991681207860512,0.997635103090455
3809810648.7872534,0.9984093004108285,0.9991375583421307,0.9975482306385499
3879252802.228953,0.998350822587546,0.9991058745702995,0.9974581717293081
3949960691.1937957,0.9982901964568084,0.9990730284420497,0.9973648098381124
4021957386.4872675,0.9982273432063861,0.9990389774361002,0.997268024205663
4095266379.430875,0.9981621811410434,0.999003677484716,0.9971676896860674
4169911589.5269713,0.9980946255776959,0.9989670829181407,0.9970636765896248
4245917372.263294,0.9980245887368067,0.9989291464070871,0.9969558505201425
4323308527.0597515,0.9979519796298763,0.9988898189032145,0.9968440722065915
4402110305.360061,0.99787670394291,0.9988490495775314,0.9967281973289354
4482348418.870874,0.9977986639157014,0.9988067857566545,0.9966080763379261
4564049047.951062,0.9977177582168014,0.9987629728568523,0.9964835542686867
4647238850.154019,0.9976338818140178,0.9987175543158029,0.9963544705478766
4731944968.925375,0.997546925840289,0.9986704715219935,0.9962206587942365
4818195042.45971,0.9974567774547775,0.9986216637416843,0.9960819466123088
4906017212.718231,0.9973633196990105,0.9985710680433566,0.9959381553791086
4995440134.61112,0.9972664313479079,0.9985186192195733,0.9957891000235444
5086492985.347131,0.9971659867555125,0.9984642497061612,0.9956345887983468
5179205473.953629,0.9970618556952474,0.9984078894986366,0.9954744230442861
5273607850.970151,0.9969539031945138,0.998349466065788,0.995308396946446
5369730918.318653,0.9968419893634352,0.9982889042603263,0.9951362972823077
5467606039.353663,0.9967259692175504,0.9982261262265163,0.9949579031614053
5567265149.095618,0.9966056924942528,0.9981610513046931,0.9947729857563052
5668740764.650735,0.9964810034627645,0.9980935959325743,0.9945813080246506
5772065995.820769,0.9963517407274294,0.9980236735432702,0.9943826244220211
5877274555.906317,0.9962177370241025,0.9979511944598952,0.9941766806053369
5984400772.706635,0.9960788190094068,0.9978760657866802,0.9939632131265494
6093479599.720572,0.9959348070426185,0.9977981912964872,0.9937419491163406
6204546627.551039,0.9957855149599459,0.9977174713146206,0.9935126059575647
6317638095.517755,0.9956307498409446,0.997633802598833,0.993274890948149
6432790903.48151,0.9954703117668168,0.9975470782154179,0.9930285009531791
6550042623.883973,0.9953039935703308,0.9974571874112825,0.9927731220458794
6669431514.006953,0.9951315805770916,0.9973640154818938,0.9925084291372118
6790996528.455113,0.9949528503378838,0.9972674436349831,0.9922340855938014
6914777331.866207,0.9947675723518044,0.9971673488499025,0.9919497428439024
7040814311.852992,0.9945755077798899,0.99706360373252,0.9916550399711179
7169148592.18103,0.9943764091489453,0.9969560763655393,0.9913496032955867
7299822046.186661,0.9941700200452634,0.9968446301541328,0.9910330459423475
7432877310.439721,0.9939560747979235,0.9967291236667737,0.9907049673966004
7568357798.654816,0.9937342981513474,0.9966094104711529,0.9903649530455791
7706307715.856944,0.9935044049267917,0.9964853389650689,0.990012573706763
7846772072.804373,0.9932660996724294,0.9963567522021776,0.9896473851421461
7989796700.67536,0.9930190763016938,0.9962234877124895,0.9892689275583081
8135428266.021762,0.992763017719524,0.9960853773175053,0.9888767250920173
8283714285.995708,0.9924975954361654,0.9959422469398804,0.988470285281123
8434703143.853624,0.9922224691681608,0.9957939164075099,0.9880490985204926
8588444104.742879,0.9919372864261647,0.9956401992519344,0.98761263750277
8744987331.776186,0.9916416820892064,0.9954809025009631,0.9871603566437364
8904383902.398987,0.9913352779650281,0.9953158264654143,0.9866916914920831
9066685825.055174,0.991017682336107,0.9951447645198881,0.9862060581234106
9231946056.156576,0.9906884894909785,0.9949675028774753,0.9857028525182968
9400218517.361752,0.9903472792404668,0.9947838203583268,0.9851814499243063
9571558113.16969,0.989993616418425,0.9945934881520034,0.9846412042018179
9746020748.83443,0.9896270503665855,0.9943962695735428,0.984081447153601
9923663348.605585,0.9892471144031255,0.9941919198131776,0.9835014878380894
10104543874.302315,0.9888533252745358,0.9939801856796601,0.9829006118663325
10288721344.22488,0.9884451825903998,0.9937608053371508,0.9822780806826629
10476255852.411522,0.9880221682406719,0.9935335080356391,0.9816331308291331
10667208588.246107,0.9875837457950655,0.9932980138348854,0.9809649731938549
10861641856.4232,0.9871293598841436,0.993054033321878,0.9802727922433925
11059619097.277052,0.986658435561726,0.9928012673218205,0.9795557452394464
11261204907.48112,0.9861703776482257,0.992539406602676,0.9788129614401067
11466465061.124884,0.9856645700545352,0.9922681315733205,0.978043541286034
11675466531.17484,0.9851403750860952,0.99198711197537,0.9772465555719884
11888277511.326664,0.9845971327267883,0.9916960065687731,0.9764210446042202
12104967438.25562,0.9840341599023151,0.9913944628112805,0.9755660173443055
12325607014.272839,0.9834507497227264,0.9910821165319321,0.974680450540115
12550268230.393772,0.9828461707038065,0.9907585915987288,0.9737632878447071
12779024389.828392,0.9822196659670166,0.9904234995806825,0.9728134389240217
13011950131.898003,0.9815704524177488,0.9900764394044785,0.9718297785544079
13249121456.389584,0.9808977199016496,0.9897169970060051,0.9708111457110982
13490615748.352673,0.9802006303388228,0.9893447449770639,0.96975634264892
13736511803.349087,0.9794783168357457,0.9889592422075897,0.9686641339766445
13986889853.16254,0.9787298827747817,0.9885600335237711,0.9675332457265547
14241831591.976946,0.9779544008812149,0.9881466493224995,0.966362364420965
14501420203.031858,0.9771509122677816,0.987718605202626,0.9651501361376068
14765740385.763788,0.9763184254567389,0.9872754015935565,0.9638951655759905
15034878383.442204,0.9754559153795626,0.9868165233817725,0.9625960151270444
15308922011.30928,0.9745623223544471,0.9863414395359246,0.9612512039485589
15587960685.232552,0.9736365510418511,0.9858496027312053,0.9598592070491897
15872085450.879742,0.9726774693784169,0.9853404489737804,0.9584184543840099
16161389013.425785,0.9716839074896916,0.9848133972261196,0.9569273299648737
16455965767.800257,0.9706546565821738,0.9842678490341527,0.9553841709891203
16755911829.487783,0.969588467815324,0.983703188157245,0.9537872669904325
17061325065.888197,0.9684840511543036,0.9831187802020764,0.9521348590159844
17372305128.24937,0.9673400742043327,0.9825139722615914,0.9504251388343214
17688953484.181686,0.9661551610277169,0.9818880925602769,0.9486562481787723
18011373450.765232,0.9649278909447369,0.9812404501071262,0.9468262780315336
18339670228.26044,0.9636567973197828,0.9805703343577364,0.9449332679539648
18673950934.43318,0.9623403663342958,0.9798770148871042,0.942975205469012
19014324639.505493,0.9609770357482866,0.9791597410747747,0.9409500255020968
19360902401.743397,0.9595651936524268,0.9784177418041285,0.9388556098872487
19713797303.693344,0.9581031772129424,0.9776502251776927,0.9366897869456958
20073124489.079075,0.9565892714118135,0.9768563782504883,0.9344503311446174
20439001200.371536,0.9550217077850525,0.9760353667835452,0.9321349628442315
20811546817.042213,0.953398663162153,0.9751863350198495,0.9297413481419241
21190882894.515823,0.9517182584101218,0.9743084054850988,0.927267098822621
21577133203.83093,0.9499785571858725,0.9734006788157925,0.9247097724251754
21970423772.02475,0.9481775647011437,0.9724622336173049,0.9220668724350909
22370882923.25363,0.9463132265045097,0.9714921263547182,0.91933584861446
22778641320.663063,0.9443834272855207,0.9704893912793404,0.9165140974806223
23193832009.020878,0.9423859897064712,0.9694530403939542,0.9135989629456042
23616590458.12756,0.9403186732678321,0.9683820634599823,0.9105877371290563
24047054607.017773,0.9381791732139236,0.9672754280498844,0.9074776613579846
24485364908.967556,0.9359651194860261,0.9661320796482266,0.9042659273672352
24931664377.321915,0.9336740757307531,0.964950941804989,0.900949678715293
25386098632.157665,0.931303538372212,0.9637309163447987,0.8975260124306053
25848815947.796844,0.9288509357572192,0.9624708836358745,0.8939919809042598
26319967301.186058,0.9263136273836323,0.9611697029225906,0.8903445940454733
26799706421.15825,0.9236889032227091,0.9598262127256384,0.8865808217169516
27288189838.590702,0.9209739831473337,0.958439231313866,0.8826975964678
27785576937.479942,0.9181660164788917,0.9570075572519177,0.8786918165821881
28292030006.944912,0.9152620816666708,0.9555299700278778,0.874560349462607
28807714294.179718,0.912259186114731,0.9540052307651209,0.8703000353669853
29332798058.370953,0.9091542661724157,0.95243208302261,0.8659076915194862
29867452625.59785,0.905944187305932,0.9508092536878606,0.8613801166152085
30411852444.73313,0.9026257444697939,0.9491354539667566,0.8567140957394194
30966175144.362766,0.8991956626983699,0.9474093804743373,0.8519064057222737
31530601590.743214,0.8956505979393186,0.9456297164305888,0.8469538209502452
32105315946.81507,0.8919871381523465,0.9437951329651372,0.8418531196556862
32690505732.292377,0.8882018046984758,0.9419042905345862,0.836601090706057
33286361884.84702,0.8842910540468615,0.9399558404560352,0.831194540914371
33893078822.409206,0.880251279828198,0.9379484265600773,0.8256303028923525
34510854506.60129,0.8760788152658655,0.9358806869662933,0.8199052434676347
35139890507.33125,0.871769936018165,0.9337512559839116,0.814016272685976
35780392068.56012,0.867320863467451,0.931558766139952,0.8079603534191764
36432568175.27032,0.862727768494415,0.9293018503367128,0.8017345115987231
37096631621.65383,0.8579867757785109,0.9269791441400008,0.7953358470946028
37772799080.54345,0.8530939686683358,0.9245892881989561,0.7887615452578791
38461291174.10945,0.8480453946688102,0.9221309307977394,0.7820088891446864
39162332545.84496,0.8428370715952005,0.9196027305387029,0.7750752724381905
39876151933.863396,0.8374649944474185,0.9170033591559623,0.7679582130838121
40602982245.53185,0.8319251430616502,0.9143315044575372,0.7606553676516105
41343060633.46495,0.8262134906001709,0.911585873393408,0.7531645464381732
42096628572.903564,0.8203260129442683,0.9087651952459842,0.7454837293186578
42863931940.50505,0.8142586990594791,0.905868224938552,0.737611082357785
43645221094.566795,0.8080075624069525,0.9028937464563336,0.7295449751866632
44440750956.71658,0.8015686534795101,0.899840576373742,0.7212839991501266
45250781095.0864,0.7949380735462651,0.8967075674804401,0.7128269862272585
46075575809.00794,0.7881119896949753,0.8934936124976586,0.7041730287252811
46915404215.247055,0.7810866512673139,0.8901976478752116,0.6953214997448885
47770540335.812935,0.7738584077883217,0.886818657658462,0.6862720744125541
48641263187.36683,0.766423728498045,0.8833556774134074,0.6770247518730999
49527856872.26044,0.7587792236004379,0.8798077981969191,0.6675798780334691
50430610671.23384,0.750921667352231,0.8761741705580478,0.6579381690464072
51349819137.802956,0.7428480231226566,0.8724540085552348,0.6481007355206936
52285782194.36744,0.7345554705637294,0.8686465937732007,0.6380691074426541
53238805230.07036,0.726041435040268,0.8647512793222836,0.6278452597920584
54209199200.4416,0.7173036194791267,0.8607674938020541,0.6174316388341902
55197280728.85722,0.7083400388082057,0.8566947452101689,0.6068311890689569
56203372209.84956,0.6991490571678789,0.8525326247766304,0.5960473808174382
57227801914.29663,0.689729428090635,0.8482808107029864,0.5850842384264311
58270904096.53468,0.6800803378588736,0.8439390717853701,0.5739463690720985
59333019103.41729,0.6702014522665078,0.8395072708999578,0.5626389921454443
60414493485.36599,0.6600929670267107,0.834985368329046,0.551167969204211
61515680109.443695,0.6497556620865814,0.8303734249058864,0.5395398344788264
62636938274.48933,0.6391909601292164,0.8256716049564391,0.5277618259235375
63778633828.35101,0.6284009895648962,0.8208801790164304,0.5158419168081341
64941139287.2562,0.6173886523355762,0.8159995263025117,0.5037888478503764
66124833957.357445,0.6061576968803608,0.8110301369169187,0.4916121598941231
67330104058.493675,0.5947127966334981,0.8059726137658251,0.4793222271426841
68557342850.20734,0.5830596344497845,0.8008276741725893,0.46693029096034105
69806950760.05809,0.5712049933735412,0.79559615116828,0.4544484942560923
71079335514.27711,0.5591568541842196,0.7902789944432614,0.4418899164607624
72374912270.79822,0.5469245001608529,0.7848772709452229,0.42926860909933034
73694103754.72096,0.5345186295035657,0.7793921651107372,0.416599631940808
75037340396.23563,0.5219514758264792,0.7738249787194674,0.40389908967401983
76405060471.06694,0.509236937081171,0.7681771303621248,0.3911841690014118
77797710243.47572,0.4963907131693776,0.762450154515593,0.3784731759560973
79215744111.8676,0.483430452336355,0.7566457002209441,0.3657855731161691
80659624757.0555,0.47037590617379244,0.750765529362537,0.3531420161979504
82129823293.22482,0.45724909266381003,0.7448115145489206,0.3405643892330521
83626819421.65007,0.44407446611028795,0.7387856365988379,0.32807583714257815
85151101587.21335,0.4308790919599559,0.732689981638245,0.31570079397644374
86703167137.7759,0.41769282332167623,0.7265267378168523,0.30346500433740825
88283522486.45425,0.4045484743321301,0.7202981916552842,0.29139553449833755
89892683276.85458,0.3914819832483634,0.7140067240364599,0.27952076837846024
91531174551.31807,0.37853255510946004,0.7076548058572445,0.2678703817966317
93199530922.23543,0.36574276982953285,0.7012449933587193,0.2564752862001104
94898296746.4779,0.3531586365115264,0.6947799231556513,0.2453675303372329
96628026303.01703,0.3408295685301043,0.6882623069876694,0.2345801451261416
98389283973.77257,0.32880824661491154,0.6816949262166225,0.22414691341556917
100182644427.76273,0.31715032917226327,0.6750806260960974,0.21410204278419487
102008692808.60875,0.30591396131672927,0.6684223098405713,0.20447971663580733
103868024925.4575,0.2951590281742206,0.6617229325228118,0.19531349768402848
105761247447.38412,0.28494609652574177,0.6549854948290754,0.18663556003252646
107688978101.33792,0.2753349953210759,0.6482130367023248,0.178475733427495
109651845873.69646,0.26638300419455113,0.6414086309041046,0.1708603580165494
111650491215.49289,0.2581426537641686,0.6345753765258704,0.1638109717097847
113685566251.38664,0.25065919406927045,0.6277163924804507,0.15734288504321967
115757734992.43588,0.24396785547265384,0.6208348110040162,0.15146373744342018
117867673552.76012,0.2380911005329848,0.6139337711982298,0.1461721672389522
120016070370.13751,0.23303612924940434,0.6070164126415896,0.14145675519285525
122203626430.63824,0.22879293254480781,0.6000858690977329,0.13729540576956997
124431055497.33682,0.22533317073098033,0.5931452623474365,0.133655302668807
126699084343.20853,0.22261007674665056,0.586197696169421,0.13049351413298454
129008452988.25774,0.2205594577501253,0.579246250493674,0.12775823891267798
131359914940.97673,0.21910172057689356,0.5722939757491238,0.125390594762424
133754237444.20233,0.2181447132277255,0.5653438874257621,0.1233267801975404
136192201725.45459,0.21758708797531692,0.5583989608693303,0.12150040382400053
138674603251.83817,0.21732186764845365,0.5514621263246962,0.11984477923027043
141202251989.5901,0.2172399309252862,0.5445362642419938,0.11829502043024415
143775972668.35815,0.2172332057765885,0.537624200857522,0.11678982865535603
146396605050.296,0.21719744797141574,0.5307287040593209,0.11527292008686127
149065004204.06625,0.21703456283383193,0.523852479545267,0.1136940938875259
151782040783.82883,0.2166544906114271,0.5169981672795476,0.11200997457899176
154548601313.3298,0.21597671488826498,0.5101683382513015,0.11018448173552127
157365588475.14954,0.21493147159718318,0.5033654915374591,0.10818908584738553
160233921405.24298,0.2134607385022825,0.4965920516698124,0.10600290608380179
163154535992.8282,0.21151907714242316,0.48985036630481316,0.10361269741867202
166128385185.7611,0.20907438575286882,0.4831427041927804,0.10101276411008556
169156439301.45938,0.2061086056306763,0.47647125344188296,0.09820482567000706
172239686343.504,0.2026184061688514,0.46983812007072173,0.09519785104609907
175379132324.0078,0.19861585528899212,0.46324532684217645,0.09200786679938756
178575801591.86044,0.19412906091031445,0.4566948123700093,0.08865773504800216
181830737166.95624,0.18920274290079445,0.45018843048872703,0.0851768858706708
185145001080.5136,0.18389866010836275,0.4437279498763352,0.08160097543488878
188519674721.6018,0.17829576929754343,0.4373150539188599,0.0779714239638598
191955859189.9719,0.17248992818043193,0.430951340804941,0.07433476582470512
195454675655.33862,0.16659287219110502,0.42463832383821243,0.0707417180106244
199017265723.187,0.1607301012650433,0.4183774319549412,0.06724584700512645
202644791807.2719,0.15503723234885194,0.4121700104339654,0.06390169767487942
206338437508.88126,0.14965435634907004,0.4060173217859801,0.060762260958454106
210099408003.03778,0.14471806692991104,0.39992054680897404,0.057875728459747734
213928930431.71844,0.14035119884706823,0.3938807857968139,0.05528164048940812
217828254304.25443,0.1366509743133599,0.3878990598879362,0.05300678446892283
221798651905.0246,0.13367710859746987,0.38197631254137543,0.051061489013254545
225841418708.58047,0.13144215007530524,0.37611341112756663,0.04943715543076459
229957873802.3381,0.12990646164013586,0.370311148621674,0.04810581102333614
234149360316.97327,0.12897947655099715,0.3645702453875574,0.047022079416155736
238417245864.6675,0.1285273487472519,0.3588913510408792,0.04612735383760348
242762922985.3265,0.12838552388088312,0.35327504638033363,0.04535540190358241
247187809600.95728,0.12837381189014713,0.3477218453763676,0.04463837876844062
251693349478.2967,0.1283115461694547,0.3422321972073844,0.04391234237264923
256281012699.9045,0.12803112348388287,0.3368064883337869,0.04312171309803604
260952296143.81055,0.1273891336110807,0.33144504460089913,0.04222249707139454
265708723971.9365,0.12627500983177292,0.32614813336218695,0.04118435874692454
270551848127.3931,0.12461750713867553,0.3209159656148844,0.039991747635927805
275483248840.8586,0.12238937528240236,0.31574869814054946,0.03864428591165369
280504535146.1804,0.11961043237507328,0.3106464356436863,0.037156554483116694
285617345405.3764,0.11634893602059825,0.3056092328820604,0.03555730908389895
290823347843.2048,0.11272072610928208,0.3006370967828623,0.033888031844750754
296124241091.4782,0.10888509836648477,0.29572998853937327,0.03220058889202908
301521754743.2989,0.10503584869526816,0.29088782568327753,0.030553649645764278
307017649917.395,0.10138568420386443,0.2861104841282347,0.02900750719123997
312613719832.7503,0.09814280213380383,0.28139780018077326,0.027617168624029294
318311790393.6879,0.0954806147379396,0.27674957251502424,0.026424219312196514
324113720785.65155,0.09350547820498599,0.2721655641081658,0.02544897122286382
330021404081.80615,0.09223127303753487,0.2676455041339372,0.024685285569045822
336036767860.73676,0.09157046545168217,0.2631890898118327,0.0241003474558741
342161774835.36444,0.09134656419734634,0.2587959882100588,0.02364012435104582
348398423493.36664,0.09132479620848596,0.25446583800053907,0.023239040797420837
354748748749.23566,0.09125181397042463,0.2501982511646769,0.022831044271004675
361214822608.2441,0.0908947373768277,0.24599281464876926,0.02235945228408654
367798754842.5042,0.09007340009052095,0.24184909196829404,0.021784170022389346
374502693679.3515,0.08868368668560972,0.23776662476050675,0.021086020854555715
381328826502.27527,0.0867119972290633,0.23374493428501458,0.020268490094029767
388279380564.62415,0.08424087602798817,0.2297835228721995,0.019357165263551343
395356623716.3292,0.08144437060880658,0.2258818753195443,0.018396807167337204
402562865143.84863,0.07856968211728659,0.22203946023610774,0.01744556980824488
409900456123.64026,0.07590067672069326,0.21825573133549278,0.016565757706533717
417371790789.3184,0.07370169464477039,0.21453012867787802,0.015811234035920267
424979306912.84576,0.07214973650225986,0.2108620798616973,0.015213643500339937
432725486699.91113,0.07127708011864889,0.207251001165772,0.014772246214762925
440612857599.8572,0.07095230127406302,0.2036962986426911,0.014452721149707734
448643993130.3263,0.07091336831316958,0.2001973691644114,0.014196669774883482
456821513716.9649,0.07083988586609935,0.1967536014210478,0.01393800266841103
465148087548.42316,0.070435971583501,0.19336437687393251,0.01361980775475369
473626431446.9402,0.06949996847891952,0.19002907066405061,0.013207014421229886
482259311754.7981,0.0679701514122588,0.18674705247701043,0.01269322543265544
491049545236.9333,0.06594323895638371,0.18351768736573862,0.01210175071068182
500000000000.0,0.06366197723675816,0.18034033653211567,0.011480822399176856
